               epoch,      train/box_loss,      train/obj_loss,      train/cls_loss,   metrics/precision,      metrics/recall,     metrics/mAP_0.5,metrics/mAP_0.5:0.95,        val/box_loss,        val/obj_loss,        val/cls_loss,               x/lr0,               x/lr1,               x/lr2
                   0,            0.093517,            0.030346,            0.040989,           0.0030745,             0.91118,            0.016587,           0.0042699,            0.052413,            0.016037,            0.030818,              0.0748,              0.0028,              0.0028
                   1,             0.06515,            0.027455,            0.036879,             0.21498,              0.3203,             0.20849,            0.072046,            0.043599,            0.013495,            0.026867,            0.048681,           0.0056812,           0.0056812
                   2,            0.060545,            0.023335,            0.033398,             0.25091,             0.34936,             0.23555,             0.07836,            0.042415,            0.010818,            0.027748,            0.022543,           0.0085432,           0.0085432
                   3,            0.054987,            0.021925,            0.032982,             0.23382,             0.36831,             0.27053,             0.12932,            0.039425,            0.009178,             0.02713,            0.009901,            0.009901,            0.009901
                   4,            0.051583,            0.020288,            0.031747,             0.21994,             0.48446,             0.38822,             0.15167,            0.041497,           0.0082956,            0.025033,            0.009901,            0.009901,            0.009901
                   5,            0.047781,            0.017749,            0.030445,             0.36185,             0.48003,             0.44083,             0.19785,            0.035657,           0.0081051,            0.019698,            0.009868,            0.009868,            0.009868
                   6,            0.049552,            0.017576,            0.027775,             0.34691,             0.54482,             0.45144,             0.17481,            0.038399,           0.0082193,            0.016972,            0.009835,            0.009835,            0.009835
                   7,            0.043555,            0.016469,            0.023639,             0.46644,             0.69196,             0.65612,             0.33067,            0.031402,           0.0077824,            0.011995,            0.009802,            0.009802,            0.009802
                   8,            0.044252,             0.01572,            0.018878,             0.49042,             0.70561,             0.61483,             0.33013,            0.038024,           0.0077878,            0.012227,            0.009769,            0.009769,            0.009769
                   9,            0.041025,            0.015502,            0.020125,             0.61792,              0.6356,             0.67195,             0.33877,            0.029716,           0.0089569,           0.0097776,            0.009736,            0.009736,            0.009736
                  10,            0.042482,            0.015837,            0.017642,             0.60639,             0.62829,             0.61318,             0.31629,            0.032846,           0.0099836,            0.012599,            0.009703,            0.009703,            0.009703
                  11,            0.041557,            0.016011,             0.01817,             0.64015,              0.6786,             0.72549,               0.359,            0.033419,           0.0078423,           0.0092513,             0.00967,             0.00967,             0.00967
                  12,            0.039566,            0.015306,             0.01656,             0.69299,             0.85813,             0.79256,             0.48484,            0.027333,           0.0067984,           0.0045008,            0.009637,            0.009637,            0.009637
                  13,            0.036034,            0.015015,             0.01482,             0.77402,             0.78907,             0.82183,             0.49026,            0.029718,           0.0070954,           0.0044114,            0.009604,            0.009604,            0.009604
                  14,            0.038311,            0.014713,            0.015862,             0.72961,             0.58744,              0.6374,             0.34309,            0.030228,           0.0090904,            0.013451,            0.009571,            0.009571,            0.009571
                  15,             0.03763,            0.014336,            0.013796,             0.80832,             0.76007,             0.82925,             0.52591,            0.026273,           0.0074174,            0.006045,            0.009538,            0.009538,            0.009538
                  16,            0.036526,            0.014616,             0.01321,             0.83062,              0.7911,             0.86497,             0.56512,              0.0223,           0.0065155,           0.0059138,            0.009505,            0.009505,            0.009505
                  17,            0.036673,            0.014473,            0.014192,             0.80942,             0.80212,             0.85753,             0.53401,            0.023633,            0.006825,           0.0040221,            0.009472,            0.009472,            0.009472
                  18,            0.036903,            0.014702,            0.013946,             0.80609,             0.82323,             0.85651,             0.54173,            0.026358,           0.0068072,           0.0039694,            0.009439,            0.009439,            0.009439
                  19,            0.035341,            0.014341,            0.015205,             0.72412,             0.69463,             0.73089,             0.42681,            0.029177,           0.0084584,           0.0070216,            0.009406,            0.009406,            0.009406
                  20,            0.037088,            0.014359,            0.013302,             0.88946,             0.84612,             0.90364,             0.56339,            0.025489,           0.0065696,           0.0042122,            0.009373,            0.009373,            0.009373
                  21,            0.036566,             0.01415,            0.013961,             0.85037,             0.82651,              0.8653,             0.56426,            0.023038,           0.0073186,           0.0071182,             0.00934,             0.00934,             0.00934
                  22,            0.034665,            0.014942,            0.013242,              0.8473,             0.78565,             0.85486,             0.53682,            0.023904,           0.0074338,           0.0060421,            0.009307,            0.009307,            0.009307
                  23,            0.035344,            0.014756,            0.014558,             0.77979,              0.7523,             0.77011,              0.4786,            0.024845,           0.0082812,           0.0080338,            0.009274,            0.009274,            0.009274
                  24,             0.03342,            0.014386,            0.012052,             0.85386,             0.82466,             0.87997,             0.57201,            0.022696,           0.0065234,           0.0048152,            0.009241,            0.009241,            0.009241
                  25,            0.035517,            0.014592,             0.01326,             0.87098,             0.86398,             0.89073,             0.58105,            0.020893,           0.0065296,           0.0038427,            0.009208,            0.009208,            0.009208
                  26,            0.034152,            0.013642,            0.011378,             0.86452,             0.89902,             0.89828,             0.59141,            0.024074,           0.0062243,           0.0033242,            0.009175,            0.009175,            0.009175
                  27,            0.033624,            0.013379,            0.012431,              0.8084,             0.73017,             0.80839,             0.50433,            0.025422,           0.0081153,           0.0049693,            0.009142,            0.009142,            0.009142
                  28,            0.033038,            0.013654,            0.013307,             0.91044,             0.89357,              0.9208,             0.59076,            0.022712,           0.0062115,           0.0041757,            0.009109,            0.009109,            0.009109
                  29,            0.034148,            0.013795,            0.011733,              0.9339,             0.90511,             0.93852,             0.61496,             0.02389,           0.0063205,           0.0035456,            0.009076,            0.009076,            0.009076
                  30,            0.032306,            0.013862,            0.011712,             0.90413,             0.89582,             0.92364,              0.6276,            0.021568,           0.0063938,           0.0035153,            0.009043,            0.009043,            0.009043
                  31,            0.033782,             0.01447,            0.012203,             0.89341,             0.91051,             0.91595,             0.60981,            0.020272,           0.0061236,           0.0034224,             0.00901,             0.00901,             0.00901
                  32,            0.034199,            0.013334,             0.01265,             0.86396,             0.83622,             0.88565,             0.58282,            0.022616,           0.0070189,           0.0033623,            0.008977,            0.008977,            0.008977
                  33,            0.031884,            0.013433,            0.010096,             0.87774,             0.85426,             0.89856,             0.60025,            0.022484,           0.0068765,           0.0036439,            0.008944,            0.008944,            0.008944
                  34,            0.033677,            0.013037,            0.010262,             0.90335,             0.90184,             0.93034,             0.62046,            0.021482,            0.006137,           0.0031976,            0.008911,            0.008911,            0.008911
                  35,            0.032625,            0.013368,            0.011712,             0.84939,             0.89964,             0.90931,             0.59789,            0.021693,           0.0062919,           0.0038977,            0.008878,            0.008878,            0.008878
                  36,            0.031368,            0.013793,            0.010692,             0.89579,             0.89008,             0.91415,             0.57499,            0.022881,           0.0063621,           0.0026985,            0.008845,            0.008845,            0.008845
                  37,            0.031684,            0.013676,            0.010492,             0.86743,             0.87605,             0.90053,             0.59596,            0.020765,           0.0065784,           0.0021508,            0.008812,            0.008812,            0.008812
                  38,            0.031406,            0.013754,            0.010738,             0.89515,             0.95063,             0.94947,             0.68588,            0.018098,           0.0056474,            0.001843,            0.008779,            0.008779,            0.008779
                  39,            0.031768,             0.01366,            0.011686,             0.87454,             0.89435,             0.91894,             0.62091,            0.019677,           0.0066385,           0.0027227,            0.008746,            0.008746,            0.008746
                  40,             0.03071,            0.013261,            0.008554,             0.91726,              0.9343,             0.94042,             0.65835,            0.019653,           0.0058468,            0.002365,            0.008713,            0.008713,            0.008713
                  41,            0.029656,            0.013601,            0.010357,             0.94968,             0.96898,             0.96065,             0.69154,            0.017944,            0.005233,           0.0014191,             0.00868,             0.00868,             0.00868
                  42,            0.028655,            0.012971,           0.0070831,             0.93808,             0.97251,             0.95965,             0.68638,            0.018754,           0.0053763,           0.0019678,            0.008647,            0.008647,            0.008647
                  43,             0.02961,            0.012096,           0.0080714,             0.93364,             0.96055,             0.96053,             0.69546,            0.017938,           0.0053684,           0.0015592,            0.008614,            0.008614,            0.008614
                  44,             0.02944,            0.013003,            0.011552,             0.93451,             0.96015,             0.94893,             0.68628,            0.017603,           0.0053254,           0.0020166,            0.008581,            0.008581,            0.008581
                  45,            0.027895,            0.012969,           0.0094226,             0.93951,             0.94222,             0.94696,             0.68885,            0.016576,           0.0055098,           0.0022815,            0.008548,            0.008548,            0.008548
                  46,            0.028612,            0.013108,            0.010027,               0.843,              0.8402,             0.88183,             0.60823,            0.020425,           0.0064865,           0.0040273,            0.008515,            0.008515,            0.008515
                  47,            0.029694,            0.012584,            0.010837,             0.93145,             0.92864,             0.95067,             0.69422,            0.016745,           0.0052957,           0.0015367,            0.008482,            0.008482,            0.008482
                  48,            0.028925,            0.012135,           0.0083037,             0.94419,             0.95406,              0.9655,             0.69619,            0.018579,           0.0051353,           0.0013697,            0.008449,            0.008449,            0.008449
                  49,             0.02821,            0.012082,           0.0093469,             0.94683,             0.96429,             0.96639,              0.7063,            0.017643,            0.005098,           0.0010316,            0.008416,            0.008416,            0.008416
                  50,            0.029537,            0.012726,           0.0096429,             0.92525,              0.9435,             0.95476,             0.70113,            0.017637,           0.0053124,            0.001522,            0.008383,            0.008383,            0.008383
                  51,            0.030347,            0.012192,           0.0093346,             0.93365,             0.93665,             0.95651,             0.69616,            0.018923,           0.0052568,           0.0011363,             0.00835,             0.00835,             0.00835
                  52,             0.03058,            0.012362,            0.011301,             0.90213,             0.83438,             0.90878,             0.61397,            0.019182,           0.0063266,           0.0048936,            0.008317,            0.008317,            0.008317
                  53,            0.029441,            0.012885,           0.0090158,             0.82388,             0.82661,             0.89351,             0.61614,            0.019664,           0.0062621,            0.006061,            0.008284,            0.008284,            0.008284
                  54,            0.026161,            0.013026,           0.0080966,              0.8893,             0.92063,             0.94136,             0.67832,            0.017805,           0.0055354,           0.0032071,            0.008251,            0.008251,            0.008251
                  55,            0.027871,            0.012297,           0.0079068,             0.91675,              0.9539,             0.97053,             0.71194,            0.018688,            0.005336,           0.0014973,            0.008218,            0.008218,            0.008218
                  56,            0.025986,            0.011849,           0.0078885,             0.94279,             0.97906,              0.9707,             0.72781,            0.017537,           0.0049562,            0.001344,            0.008185,            0.008185,            0.008185
                  57,            0.027583,            0.012068,           0.0074038,              0.9444,             0.96974,             0.96942,             0.71851,             0.01801,           0.0051402,           0.0013317,            0.008152,            0.008152,            0.008152
                  58,            0.027296,            0.011899,           0.0084655,             0.94341,             0.96473,             0.96047,             0.67787,            0.018983,           0.0053919,           0.0010853,            0.008119,            0.008119,            0.008119
                  59,            0.028584,            0.011895,           0.0092418,             0.94782,             0.97987,              0.9677,             0.73667,            0.016975,            0.004861,           0.0015162,            0.008086,            0.008086,            0.008086
                  60,            0.026533,            0.012438,           0.0093676,             0.92091,             0.98169,             0.96509,             0.73975,            0.015441,           0.0049989,           0.0017088,            0.008053,            0.008053,            0.008053
                  61,            0.028035,            0.012679,           0.0083945,             0.91958,             0.93877,             0.95474,             0.67499,            0.018142,           0.0056361,           0.0016141,             0.00802,             0.00802,             0.00802
                  62,            0.027437,            0.012173,           0.0079136,             0.95295,             0.98194,               0.972,             0.73373,            0.016258,           0.0049208,           0.0011398,            0.007987,            0.007987,            0.007987
                  63,             0.02713,            0.012068,           0.0082026,             0.94817,             0.97397,             0.96616,             0.73637,            0.015798,            0.004863,           0.0013158,            0.007954,            0.007954,            0.007954
                  64,            0.027157,            0.011953,            0.008184,             0.94765,             0.97351,             0.96725,             0.73169,            0.015784,           0.0049163,          0.00094324,            0.007921,            0.007921,            0.007921
                  65,            0.026502,            0.011854,           0.0098563,             0.94631,             0.97626,             0.96371,             0.72183,            0.015653,           0.0050246,           0.0010041,            0.007888,            0.007888,            0.007888
                  66,            0.025959,            0.011451,           0.0077407,             0.94003,             0.97963,             0.96735,             0.73247,             0.01721,           0.0048538,          0.00093126,            0.007855,            0.007855,            0.007855
                  67,            0.026729,            0.012097,            0.011828,             0.96079,              0.9712,             0.96615,             0.73541,             0.01589,           0.0048934,           0.0012101,            0.007822,            0.007822,            0.007822
                  68,            0.026425,            0.011609,           0.0083478,             0.93021,             0.98336,             0.96486,             0.74776,            0.015266,           0.0048303,          0.00077425,            0.007789,            0.007789,            0.007789
                  69,            0.027589,            0.012004,            0.010344,             0.94248,             0.96639,             0.96276,             0.72359,            0.015681,           0.0049687,           0.0006957,            0.007756,            0.007756,            0.007756
                  70,            0.027941,            0.011947,           0.0078931,             0.95114,             0.97083,             0.96922,             0.73142,            0.016286,           0.0047644,          0.00075579,            0.007723,            0.007723,            0.007723
                  71,            0.027701,            0.010881,           0.0083673,             0.96455,             0.97792,              0.9695,             0.75544,            0.014633,           0.0045907,          0.00069278,             0.00769,             0.00769,             0.00769
                  72,            0.026534,            0.010914,           0.0088051,             0.96015,             0.97137,             0.97429,             0.74848,             0.01535,           0.0047616,          0.00073738,            0.007657,            0.007657,            0.007657
                  73,            0.025858,            0.011677,           0.0088844,             0.96238,             0.98501,             0.97466,             0.75097,            0.015563,           0.0047543,          0.00080703,            0.007624,            0.007624,            0.007624
                  74,            0.027951,             0.01154,           0.0084913,             0.93376,             0.96111,             0.96231,             0.72008,            0.016304,           0.0049125,           0.0020305,            0.007591,            0.007591,            0.007591
                  75,            0.025852,            0.011827,           0.0088206,             0.95267,             0.94785,             0.96141,             0.71709,            0.016077,           0.0054965,          0.00085265,            0.007558,            0.007558,            0.007558
                  76,             0.02584,            0.011718,           0.0072727,             0.95836,             0.98094,             0.97428,             0.75258,            0.015431,           0.0046608,          0.00052099,            0.007525,            0.007525,            0.007525
                  77,            0.026468,            0.011598,           0.0087976,              0.9622,             0.99005,             0.97018,             0.74641,            0.014773,           0.0046362,          0.00065278,            0.007492,            0.007492,            0.007492
                  78,            0.025029,             0.01115,           0.0087609,             0.92661,             0.95806,             0.96313,             0.74019,            0.014848,           0.0049478,           0.0033031,            0.007459,            0.007459,            0.007459
                  79,             0.02543,             0.01138,           0.0094254,             0.94466,             0.96165,             0.97248,             0.74659,            0.015149,           0.0047447,           0.0015107,            0.007426,            0.007426,            0.007426
                  80,            0.024718,            0.011724,           0.0086311,             0.96066,              0.9852,             0.97686,             0.76775,            0.014079,           0.0045568,           0.0008521,            0.007393,            0.007393,            0.007393
                  81,            0.025281,            0.011794,            0.008741,             0.95017,             0.98917,             0.97631,             0.75816,            0.014414,           0.0045262,           0.0009428,             0.00736,             0.00736,             0.00736
                  82,            0.024403,            0.011206,           0.0069312,             0.95166,             0.98488,             0.97291,             0.74353,            0.015133,           0.0046719,           0.0012804,            0.007327,            0.007327,            0.007327
                  83,            0.026167,            0.010769,           0.0058131,             0.94854,             0.98559,             0.97126,             0.75338,            0.016368,           0.0047798,           0.0012604,            0.007294,            0.007294,            0.007294
                  84,             0.02622,            0.011824,           0.0079594,             0.94292,             0.96534,             0.96777,             0.75014,            0.015161,           0.0047946,            0.000911,            0.007261,            0.007261,            0.007261
                  85,            0.024583,            0.011527,           0.0075971,             0.95338,             0.98317,              0.9689,              0.7497,            0.014754,           0.0047102,           0.0006532,            0.007228,            0.007228,            0.007228
                  86,            0.025137,            0.011428,           0.0078817,             0.95549,             0.99758,             0.97038,             0.75286,            0.015594,           0.0046642,          0.00059494,            0.007195,            0.007195,            0.007195
                  87,            0.024089,            0.011028,           0.0056876,             0.95803,             0.98884,              0.9749,             0.76848,            0.013777,           0.0046514,          0.00093752,            0.007162,            0.007162,            0.007162
                  88,            0.025242,             0.01079,           0.0087039,             0.95199,             0.98895,             0.97304,             0.76761,            0.013983,           0.0045683,          0.00059658,            0.007129,            0.007129,            0.007129
                  89,            0.025363,            0.011145,           0.0080091,             0.95433,             0.98577,             0.97871,             0.76731,             0.01424,           0.0046749,          0.00077011,            0.007096,            0.007096,            0.007096
                  90,            0.025884,            0.010953,           0.0091328,             0.95325,             0.97611,             0.97158,             0.75636,            0.014142,           0.0047322,           0.0012641,            0.007063,            0.007063,            0.007063
                  91,            0.023753,              0.0117,           0.0078104,             0.93592,             0.98085,             0.95468,             0.73303,            0.013931,           0.0046623,           0.0022367,             0.00703,             0.00703,             0.00703
                  92,            0.023338,            0.011092,           0.0069871,             0.95288,             0.98429,             0.97862,             0.77008,            0.014035,           0.0046458,          0.00052721,            0.006997,            0.006997,            0.006997
                  93,            0.023231,            0.011036,           0.0069216,             0.94873,             0.96936,             0.97461,             0.76877,            0.014679,           0.0045865,          0.00057007,            0.006964,            0.006964,            0.006964
                  94,             0.02494,            0.010654,           0.0066535,             0.96169,             0.99147,             0.97526,             0.78482,            0.014128,           0.0043334,          0.00041151,            0.006931,            0.006931,            0.006931
                  95,            0.024552,            0.010839,           0.0083731,             0.95741,             0.98237,             0.97073,             0.77256,             0.01439,           0.0044937,           0.0010492,            0.006898,            0.006898,            0.006898
                  96,             0.02498,            0.011229,           0.0071611,             0.95541,             0.99517,              0.9753,             0.78219,            0.013735,           0.0043772,          0.00056874,            0.006865,            0.006865,            0.006865
                  97,            0.023548,             0.01074,           0.0059033,             0.95734,             0.98626,             0.97798,             0.77473,            0.013777,           0.0043833,            0.000514,            0.006832,            0.006832,            0.006832
                  98,            0.024109,            0.011162,            0.005664,             0.95676,             0.99308,             0.98103,             0.77777,            0.014067,           0.0042722,          0.00058132,            0.006799,            0.006799,            0.006799
                  99,            0.024279,            0.011127,           0.0052324,             0.95044,             0.98149,             0.97825,             0.78023,            0.013667,           0.0043652,          0.00067173,            0.006766,            0.006766,            0.006766
                 100,            0.023845,            0.010967,           0.0071183,             0.96658,               0.989,             0.97646,             0.77404,            0.013554,           0.0044383,          0.00044249,            0.006733,            0.006733,            0.006733
                 101,            0.022477,            0.010894,           0.0073646,             0.96171,             0.98945,             0.97772,             0.77958,            0.013504,           0.0042622,          0.00050535,              0.0067,              0.0067,              0.0067
                 102,            0.023493,            0.011086,           0.0085608,             0.95832,              0.9775,             0.97007,             0.77031,            0.012888,           0.0043709,          0.00038824,            0.006667,            0.006667,            0.006667
                 103,            0.023648,            0.010575,           0.0070198,             0.96227,             0.99652,             0.97897,             0.78524,            0.013022,           0.0042926,          0.00040152,            0.006634,            0.006634,            0.006634
                 104,            0.024725,            0.010779,           0.0066455,             0.95479,                   1,             0.98201,             0.79349,            0.012931,           0.0043303,          0.00042125,            0.006601,            0.006601,            0.006601
                 105,            0.022673,            0.010732,           0.0057662,             0.96137,             0.97892,             0.97981,              0.7973,            0.013161,           0.0042158,          0.00036811,            0.006568,            0.006568,            0.006568
                 106,            0.022668,            0.010899,           0.0054102,             0.95963,             0.98777,             0.97896,             0.78562,             0.01319,           0.0043838,          0.00033971,            0.006535,            0.006535,            0.006535
                 107,            0.022983,            0.011043,            0.007552,             0.96186,             0.99469,              0.9826,             0.80178,            0.012205,           0.0042947,          0.00034035,            0.006502,            0.006502,            0.006502
                 108,             0.02345,            0.010776,            0.006629,             0.95498,              0.9891,             0.98117,             0.78316,            0.013851,           0.0043362,          0.00066965,            0.006469,            0.006469,            0.006469
                 109,            0.023202,            0.010346,           0.0062689,             0.95251,             0.98577,               0.981,             0.78017,            0.013682,           0.0043901,          0.00045271,            0.006436,            0.006436,            0.006436
                 110,            0.022056,             0.01096,            0.006207,             0.95735,             0.98473,             0.98078,             0.80903,             0.01254,           0.0042047,          0.00046962,            0.006403,            0.006403,            0.006403
                 111,             0.02289,            0.010728,           0.0056539,             0.96717,             0.99758,             0.98548,             0.81038,            0.012611,           0.0040408,          0.00042973,             0.00637,             0.00637,             0.00637
                 112,            0.022722,            0.010499,           0.0066746,             0.96473,             0.99226,             0.98553,             0.80779,             0.01269,           0.0041677,           0.0003898,            0.006337,            0.006337,            0.006337
                 113,            0.021647,             0.01059,           0.0050892,             0.95913,             0.99639,             0.98489,             0.80821,            0.012858,           0.0041875,          0.00041767,            0.006304,            0.006304,            0.006304
                 114,            0.021267,           0.0098276,           0.0066184,             0.96928,             0.99454,             0.98602,             0.80816,            0.012555,            0.004045,          0.00065367,            0.006271,            0.006271,            0.006271
                 115,            0.021448,           0.0099856,           0.0065421,             0.97159,             0.99239,             0.98573,             0.80155,            0.012134,           0.0039682,          0.00084829,            0.006238,            0.006238,            0.006238
                 116,            0.022189,            0.010395,           0.0050313,             0.96811,             0.99758,              0.9852,             0.80824,            0.012548,            0.003942,          0.00066891,            0.006205,            0.006205,            0.006205
                 117,            0.021518,            0.010102,           0.0061275,             0.96918,             0.99333,             0.98338,             0.81084,            0.011566,           0.0040127,          0.00041381,            0.006172,            0.006172,            0.006172
                 118,            0.022906,           0.0098928,           0.0066836,             0.96964,              0.9999,             0.98723,             0.81567,            0.011702,           0.0038832,           0.0003335,            0.006139,            0.006139,            0.006139
                 119,            0.020701,            0.010405,           0.0051294,             0.96699,             0.99758,             0.98496,             0.80937,            0.011803,           0.0039655,          0.00032178,            0.006106,            0.006106,            0.006106
                 120,             0.02326,            0.010524,           0.0081596,             0.96266,             0.98376,             0.98457,              0.7933,            0.012779,           0.0041306,          0.00045694,            0.006073,            0.006073,            0.006073
                 121,            0.020919,            0.010284,           0.0048902,             0.96071,             0.99517,             0.98585,             0.79686,            0.013177,            0.004069,          0.00042845,             0.00604,             0.00604,             0.00604
                 122,            0.022558,            0.010379,           0.0068991,             0.96636,             0.99477,             0.98546,             0.80678,            0.013213,           0.0038853,          0.00037439,            0.006007,            0.006007,            0.006007
                 123,            0.021484,            0.010514,           0.0072795,             0.95913,              0.9932,             0.98324,             0.80287,            0.013682,           0.0040735,          0.00055417,            0.005974,            0.005974,            0.005974
                 124,            0.022726,            0.010616,           0.0065167,             0.95978,             0.99226,             0.98591,             0.80717,            0.012863,           0.0040939,          0.00040761,            0.005941,            0.005941,            0.005941
                 125,            0.022066,            0.010716,            0.005407,             0.96235,             0.99765,             0.98854,             0.82161,            0.012665,           0.0038901,           0.0003189,            0.005908,            0.005908,            0.005908
                 126,            0.021167,            0.010206,           0.0056314,             0.97007,             0.99565,             0.98831,             0.82004,              0.0122,           0.0039723,          0.00030616,            0.005875,            0.005875,            0.005875
                 127,             0.02049,            0.010449,           0.0055837,             0.96266,             0.99543,             0.98746,             0.81973,            0.011587,           0.0039441,          0.00046874,            0.005842,            0.005842,            0.005842
                 128,            0.023198,            0.010149,           0.0063376,             0.97016,             0.99517,             0.98877,             0.82753,            0.011816,           0.0038082,          0.00030707,            0.005809,            0.005809,            0.005809
                 129,             0.02163,            0.010202,           0.0054705,             0.96851,             0.99422,             0.98651,             0.82525,            0.011737,           0.0038318,          0.00035549,            0.005776,            0.005776,            0.005776
                 130,            0.021751,            0.010085,           0.0058318,             0.97267,             0.99758,             0.98664,             0.82151,            0.011683,           0.0038823,          0.00029312,            0.005743,            0.005743,            0.005743
                 131,            0.022404,            0.010542,           0.0057865,              0.9715,             0.99919,             0.98601,             0.81703,            0.011766,           0.0039755,          0.00033611,             0.00571,             0.00571,             0.00571
                 132,            0.021015,            0.010268,           0.0056757,             0.97156,                   1,             0.98795,             0.83164,            0.010921,           0.0037506,           0.0003746,            0.005677,            0.005677,            0.005677
                 133,             0.02043,           0.0094041,           0.0060724,             0.97549,             0.99673,             0.98995,             0.82823,            0.011783,           0.0037777,          0.00052458,            0.005644,            0.005644,            0.005644
                 134,            0.019688,            0.010167,           0.0040213,             0.95993,             0.99938,              0.9897,             0.83955,             0.01101,           0.0038287,          0.00046513,            0.005611,            0.005611,            0.005611
                 135,            0.021348,            0.010185,           0.0059125,             0.97304,             0.99899,             0.99193,             0.82444,            0.011426,           0.0038773,           0.0003337,            0.005578,            0.005578,            0.005578
                 136,            0.020667,            0.010105,           0.0053539,             0.97554,             0.99742,             0.99194,             0.82766,            0.011674,           0.0038547,          0.00033995,            0.005545,            0.005545,            0.005545
                 137,            0.022446,            0.010139,           0.0055001,             0.95567,             0.99345,             0.98611,             0.81357,            0.011812,           0.0039824,          0.00070277,            0.005512,            0.005512,            0.005512
                 138,            0.021985,             0.01011,           0.0081373,              0.9742,             0.99866,              0.9896,             0.82914,            0.011348,           0.0037773,          0.00031817,            0.005479,            0.005479,            0.005479
                 139,             0.02161,           0.0098744,            0.004409,             0.97682,                   1,              0.9885,             0.83412,            0.010954,           0.0037709,           0.0002695,            0.005446,            0.005446,            0.005446
                 140,            0.020456,           0.0095218,           0.0064376,             0.97672,             0.99517,             0.98881,             0.82371,            0.011242,            0.003883,          0.00027254,            0.005413,            0.005413,            0.005413
                 141,            0.022022,            0.010061,           0.0051891,             0.97311,             0.99727,             0.99036,             0.81986,            0.012076,           0.0038771,          0.00029792,             0.00538,             0.00538,             0.00538
                 142,            0.021931,            0.010049,           0.0049982,             0.97583,             0.99758,             0.98909,             0.83558,            0.011578,           0.0036771,           0.0003174,            0.005347,            0.005347,            0.005347
                 143,            0.021397,            0.010055,           0.0053157,             0.97808,             0.99468,             0.98893,             0.83061,            0.011164,           0.0037642,          0.00032897,            0.005314,            0.005314,            0.005314
                 144,            0.020173,           0.0094482,           0.0045472,             0.97483,             0.99785,             0.98986,             0.83442,            0.011187,           0.0037019,          0.00029005,            0.005281,            0.005281,            0.005281
                 145,            0.019402,            0.010116,           0.0046944,             0.97744,             0.99758,             0.99095,             0.84112,            0.010746,           0.0036762,          0.00025753,            0.005248,            0.005248,            0.005248
                 146,            0.019913,           0.0096763,           0.0057107,             0.97326,             0.99862,             0.99082,             0.82944,            0.011625,           0.0037902,          0.00029738,            0.005215,            0.005215,            0.005215
                 147,            0.020157,           0.0095839,           0.0051018,             0.97372,             0.99661,             0.98968,             0.84104,            0.011329,           0.0036908,          0.00032167,            0.005182,            0.005182,            0.005182
                 148,            0.020913,           0.0098642,           0.0043139,             0.97975,             0.99509,             0.99113,             0.83443,            0.011095,           0.0036151,          0.00030851,            0.005149,            0.005149,            0.005149
                 149,            0.020049,            0.010047,           0.0041005,             0.97617,             0.99511,             0.99091,             0.84155,            0.011003,           0.0036826,          0.00028926,            0.005116,            0.005116,            0.005116
                 150,            0.019881,           0.0094991,             0.00438,             0.97992,             0.99196,             0.99298,             0.84803,             0.01088,           0.0036005,          0.00025135,            0.005083,            0.005083,            0.005083
                 151,             0.02031,            0.009639,           0.0037028,             0.98603,             0.99382,             0.99269,             0.84582,            0.011296,           0.0035936,          0.00022714,             0.00505,             0.00505,             0.00505
                 152,            0.021052,           0.0092437,           0.0039217,             0.98032,             0.99593,             0.99196,             0.85088,            0.010661,           0.0035444,          0.00023207,            0.005017,            0.005017,            0.005017
                 153,            0.019124,           0.0093061,           0.0055521,             0.97455,             0.99758,             0.99185,              0.8505,             0.01062,           0.0035609,          0.00023075,            0.004984,            0.004984,            0.004984
                 154,            0.019368,           0.0097256,           0.0051969,             0.97662,             0.99684,             0.99201,             0.84328,            0.011061,           0.0036788,          0.00023556,            0.004951,            0.004951,            0.004951
                 155,            0.019415,           0.0096138,           0.0036675,             0.97966,             0.99275,              0.9929,             0.84013,            0.010804,           0.0036372,          0.00023027,            0.004918,            0.004918,            0.004918
                 156,            0.018847,            0.010104,           0.0050947,             0.98208,             0.99303,             0.99148,             0.83881,            0.010353,           0.0036393,          0.00030555,            0.004885,            0.004885,            0.004885
                 157,            0.019485,           0.0095665,           0.0045834,             0.97738,             0.99758,             0.99075,             0.84658,            0.010652,           0.0035272,          0.00024217,            0.004852,            0.004852,            0.004852
                 158,            0.020315,           0.0091077,           0.0044255,             0.98269,             0.99792,             0.99295,             0.85173,              0.0105,           0.0034861,          0.00022536,            0.004819,            0.004819,            0.004819
                 159,            0.020299,           0.0094272,           0.0039221,             0.98508,             0.99898,             0.99297,             0.86132,            0.010144,           0.0034163,          0.00022562,            0.004786,            0.004786,            0.004786
                 160,            0.018563,           0.0087542,            0.003925,               0.985,             0.99873,             0.99112,             0.85546,            0.010081,           0.0034506,          0.00024921,            0.004753,            0.004753,            0.004753
                 161,             0.02067,           0.0091279,           0.0043497,              0.9894,             0.99205,             0.99275,             0.86194,           0.0099822,           0.0034183,          0.00027044,             0.00472,             0.00472,             0.00472
                 162,            0.018416,            0.008772,           0.0038055,             0.98184,             0.99514,             0.99281,             0.86786,            0.009816,           0.0033496,          0.00032968,            0.004687,            0.004687,            0.004687
                 163,             0.01982,           0.0088264,           0.0048954,             0.97911,                   1,             0.99224,             0.85998,           0.0099174,           0.0033791,          0.00025398,            0.004654,            0.004654,            0.004654
                 164,            0.019787,           0.0088955,           0.0049764,             0.98455,             0.99908,             0.99241,             0.86021,            0.010125,           0.0033819,          0.00028248,            0.004621,            0.004621,            0.004621
                 165,            0.021126,           0.0088819,           0.0068553,             0.98359,                   1,             0.99265,             0.85627,            0.010845,           0.0034116,          0.00024857,            0.004588,            0.004588,            0.004588
                 166,            0.019719,           0.0093743,           0.0044602,             0.98465,             0.99453,             0.99264,             0.85716,            0.010424,           0.0033663,          0.00027856,            0.004555,            0.004555,            0.004555
                 167,            0.019642,           0.0096602,           0.0041834,             0.98143,             0.99671,             0.99292,             0.85588,            0.010229,           0.0033537,          0.00031499,            0.004522,            0.004522,            0.004522
                 168,            0.019371,            0.009078,           0.0045966,             0.98224,             0.99948,             0.99066,             0.86294,           0.0095935,           0.0033216,          0.00029262,            0.004489,            0.004489,            0.004489
                 169,             0.01927,           0.0090121,           0.0045388,             0.98111,                   1,             0.99112,             0.85741,           0.0097709,           0.0033714,          0.00025214,            0.004456,            0.004456,            0.004456
                 170,            0.019347,           0.0088458,           0.0031286,             0.97885,                   1,             0.99209,             0.86496,           0.0097535,           0.0032931,          0.00022665,            0.004423,            0.004423,            0.004423
                 171,             0.01925,           0.0090902,           0.0038845,             0.98245,             0.99517,             0.99372,             0.86272,            0.009589,           0.0033305,          0.00022006,             0.00439,             0.00439,             0.00439
                 172,            0.018726,           0.0094529,           0.0049116,             0.97977,              0.9999,             0.99397,             0.86192,           0.0096439,           0.0033771,          0.00022132,            0.004357,            0.004357,            0.004357
                 173,            0.017998,           0.0095883,           0.0058476,             0.98301,             0.99758,             0.99433,             0.86287,           0.0093635,           0.0033231,           0.0002826,            0.004324,            0.004324,            0.004324
                 174,            0.018843,           0.0090005,           0.0045187,             0.99308,             0.99611,             0.99442,              0.8618,           0.0096572,           0.0033794,          0.00022926,            0.004291,            0.004291,            0.004291
                 175,            0.018622,            0.008997,            0.004166,             0.99223,             0.99421,             0.99446,             0.86657,           0.0091846,            0.003323,          0.00021652,            0.004258,            0.004258,            0.004258
                 176,            0.018183,           0.0086531,            0.003127,             0.99218,             0.99542,             0.99424,             0.86419,           0.0089699,           0.0032659,          0.00020259,            0.004225,            0.004225,            0.004225
                 177,            0.019368,           0.0090183,           0.0048256,             0.99073,             0.99467,             0.99375,             0.87137,           0.0090447,           0.0031619,           0.0001787,            0.004192,            0.004192,            0.004192
                 178,             0.01713,           0.0087089,            0.002713,             0.98454,              0.9994,             0.99391,             0.86792,           0.0092123,           0.0032043,          0.00016164,            0.004159,            0.004159,            0.004159
                 179,            0.019322,           0.0090746,           0.0045345,             0.98802,             0.99922,             0.99399,             0.87404,            0.009202,           0.0032536,          0.00015903,            0.004126,            0.004126,            0.004126
                 180,            0.019285,           0.0092251,           0.0042215,             0.98889,             0.99472,              0.9938,             0.87466,           0.0097223,           0.0032002,          0.00015204,            0.004093,            0.004093,            0.004093
                 181,            0.018149,            0.009053,            0.005541,             0.98391,             0.99784,             0.99389,             0.86814,           0.0095421,           0.0032382,          0.00015148,             0.00406,             0.00406,             0.00406
                 182,            0.017486,           0.0089195,           0.0032838,             0.99145,             0.99328,             0.99391,             0.86923,           0.0099655,           0.0032461,          0.00016287,            0.004027,            0.004027,            0.004027
                 183,            0.017736,           0.0087755,           0.0033088,             0.99023,             0.99543,             0.99404,              0.8711,           0.0097223,            0.003207,          0.00017433,            0.003994,            0.003994,            0.003994
                 184,            0.018572,           0.0091495,           0.0038273,             0.98777,              0.9992,             0.99391,               0.876,            0.009462,            0.003163,           0.0001903,            0.003961,            0.003961,            0.003961
                 185,            0.018334,           0.0084449,            0.004927,             0.99039,             0.99775,              0.9942,             0.87755,           0.0090136,           0.0031406,          0.00019705,            0.003928,            0.003928,            0.003928
                 186,            0.018404,           0.0090917,           0.0040035,             0.99472,             0.99681,              0.9945,             0.88335,           0.0091609,           0.0030844,          0.00019978,            0.003895,            0.003895,            0.003895
                 187,            0.017034,            0.008225,           0.0039372,             0.99419,             0.99789,             0.99445,             0.87434,           0.0091419,           0.0032355,          0.00020331,            0.003862,            0.003862,            0.003862
                 188,            0.017262,           0.0087963,           0.0053654,             0.98989,             0.99843,             0.99459,               0.879,           0.0089079,           0.0031379,          0.00019576,            0.003829,            0.003829,            0.003829
                 189,            0.017101,           0.0088819,           0.0034964,             0.98631,                   1,             0.99429,             0.87393,           0.0090632,           0.0031972,          0.00017883,            0.003796,            0.003796,            0.003796
                 190,            0.018049,           0.0090147,            0.003721,             0.99153,             0.99741,             0.99438,             0.87715,           0.0090585,           0.0032544,          0.00016414,            0.003763,            0.003763,            0.003763
                 191,            0.017497,           0.0087659,           0.0029269,             0.98895,             0.99933,             0.99444,             0.88022,           0.0091565,           0.0030207,          0.00014974,             0.00373,             0.00373,             0.00373
                 192,            0.017883,            0.009084,           0.0037726,              0.9923,             0.99927,             0.99442,             0.88252,           0.0087396,           0.0029986,           0.0001487,            0.003697,            0.003697,            0.003697
                 193,            0.017808,           0.0086966,           0.0040914,             0.99593,             0.99466,              0.9943,             0.87646,           0.0090797,           0.0031061,          0.00014211,            0.003664,            0.003664,            0.003664
                 194,            0.017473,           0.0085894,           0.0042445,              0.9908,                   1,             0.99411,             0.87534,           0.0088145,            0.003063,          0.00014415,            0.003631,            0.003631,            0.003631
                 195,            0.016718,           0.0080665,           0.0033432,             0.99505,             0.99758,             0.99428,             0.88714,           0.0086887,           0.0030093,          0.00014684,            0.003598,            0.003598,            0.003598
                 196,             0.01745,           0.0087346,           0.0048747,             0.99639,             0.99775,             0.99447,             0.88696,           0.0083513,           0.0030277,          0.00014671,            0.003565,            0.003565,            0.003565
                 197,            0.017498,           0.0085337,           0.0037606,             0.99403,             0.99983,             0.99439,              0.8861,           0.0085169,           0.0030629,          0.00015231,            0.003532,            0.003532,            0.003532
                 198,            0.016325,           0.0083905,           0.0026291,             0.99733,             0.99785,             0.99476,             0.88954,            0.008223,           0.0029956,          0.00015244,            0.003499,            0.003499,            0.003499
                 199,            0.017018,            0.008616,           0.0036634,             0.99633,             0.99731,             0.99464,             0.88779,           0.0081782,           0.0029578,          0.00014074,            0.003466,            0.003466,            0.003466
                 200,             0.01611,           0.0083335,           0.0034963,              0.9923,             0.99813,             0.99474,             0.88348,           0.0085072,           0.0029771,          0.00014503,            0.003433,            0.003433,            0.003433
                 201,            0.016629,           0.0079913,           0.0043451,             0.99214,                   1,             0.99474,             0.89237,           0.0083739,           0.0029194,          0.00014534,              0.0034,              0.0034,              0.0034
                 202,            0.017412,           0.0083374,           0.0037241,             0.99213,             0.99939,             0.99455,             0.89405,           0.0081537,           0.0029445,          0.00014425,            0.003367,            0.003367,            0.003367
                 203,            0.017288,           0.0083604,           0.0031096,              0.9894,             0.99758,             0.99448,             0.89439,           0.0080585,           0.0029011,          0.00014507,            0.003334,            0.003334,            0.003334
                 204,            0.017135,           0.0084148,           0.0037811,              0.9895,             0.99757,             0.99456,             0.89061,           0.0085577,           0.0029282,          0.00013434,            0.003301,            0.003301,            0.003301
                 205,            0.016413,           0.0081319,           0.0034559,             0.99271,             0.99758,             0.99474,             0.89048,           0.0083511,           0.0029507,          0.00013572,            0.003268,            0.003268,            0.003268
                 206,            0.016607,           0.0084891,           0.0037395,             0.99362,             0.99721,             0.99484,             0.89301,           0.0081149,           0.0029299,          0.00013811,            0.003235,            0.003235,            0.003235
                 207,            0.015976,           0.0082212,           0.0031677,             0.99421,              0.9975,             0.99468,             0.89289,           0.0079451,           0.0028974,          0.00013925,            0.003202,            0.003202,            0.003202
                 208,            0.016679,           0.0081496,           0.0029057,             0.98733,                   1,             0.99421,              0.8979,           0.0081467,           0.0028619,          0.00014834,            0.003169,            0.003169,            0.003169
                 209,            0.017558,           0.0083056,           0.0028203,             0.98945,             0.99995,             0.99426,             0.89943,           0.0079574,           0.0028843,          0.00015169,            0.003136,            0.003136,            0.003136
                 210,            0.016283,            0.007964,           0.0037019,             0.99137,                   1,             0.99461,             0.89241,           0.0081437,           0.0029552,          0.00015076,            0.003103,            0.003103,            0.003103
                 211,            0.016902,            0.008043,           0.0044419,             0.99031,             0.99998,             0.99486,             0.89607,           0.0084192,           0.0029165,          0.00014797,             0.00307,             0.00307,             0.00307
                 212,            0.016103,           0.0081295,           0.0035813,             0.99727,             0.99739,               0.995,             0.89688,           0.0081913,           0.0028889,          0.00014431,            0.003037,            0.003037,            0.003037
                 213,            0.016967,            0.007951,           0.0029167,             0.99517,             0.99974,             0.99498,             0.89948,           0.0081528,           0.0028017,          0.00014615,            0.003004,            0.003004,            0.003004
                 214,            0.016727,           0.0081279,           0.0036284,             0.99552,             0.99924,             0.99495,             0.89862,           0.0081016,           0.0027829,          0.00013494,            0.002971,            0.002971,            0.002971
                 215,            0.016928,           0.0079933,           0.0027566,             0.99535,             0.99918,             0.99495,              0.8972,           0.0080498,           0.0028178,          0.00013405,            0.002938,            0.002938,            0.002938
                 216,            0.016218,            0.008078,           0.0025639,             0.99646,             0.99681,             0.99495,             0.89933,           0.0079231,           0.0027411,          0.00013394,            0.002905,            0.002905,            0.002905
                 217,            0.015956,           0.0082041,           0.0029705,             0.99458,             0.99966,             0.99493,             0.90171,           0.0078284,           0.0027615,          0.00013318,            0.002872,            0.002872,            0.002872
                 218,            0.015755,           0.0077918,           0.0025026,             0.99478,             0.99996,             0.99495,             0.90211,           0.0078299,           0.0027734,           0.0001121,            0.002839,            0.002839,            0.002839
                 219,            0.015087,           0.0078886,           0.0027481,               0.997,             0.99907,               0.995,             0.90486,            0.007779,           0.0027856,          9.8768e-05,            0.002806,            0.002806,            0.002806
                 220,            0.016072,           0.0081247,           0.0029326,               0.998,              0.9977,               0.995,             0.90231,            0.007679,           0.0028165,           9.687e-05,            0.002773,            0.002773,            0.002773
                 221,            0.016055,           0.0080544,           0.0031222,             0.99871,             0.99729,               0.995,             0.90815,           0.0077211,           0.0027972,          9.9674e-05,             0.00274,             0.00274,             0.00274
                 222,            0.015773,           0.0077746,           0.0025289,             0.99751,                   1,               0.995,             0.90347,           0.0075663,           0.0027807,          0.00010895,            0.002707,            0.002707,            0.002707
                 223,            0.016062,           0.0080873,           0.0027398,             0.99858,                   1,               0.995,             0.90484,            0.007628,           0.0027662,           0.0001157,            0.002674,            0.002674,            0.002674
                 224,            0.015271,           0.0077377,            0.002069,             0.99917,                   1,               0.995,             0.90534,           0.0076277,           0.0027088,           0.0001178,            0.002641,            0.002641,            0.002641
                 225,            0.016674,           0.0081516,           0.0023134,             0.99828,             0.99924,               0.995,             0.90205,           0.0080378,           0.0027927,          0.00012247,            0.002608,            0.002608,            0.002608
                 226,            0.017182,            0.008168,           0.0025575,             0.99812,                   1,               0.995,             0.90589,           0.0081494,           0.0027477,          0.00012366,            0.002575,            0.002575,            0.002575
                 227,            0.015626,           0.0077574,            0.003166,             0.99892,                   1,               0.995,             0.90818,           0.0077821,           0.0026893,          0.00012254,            0.002542,            0.002542,            0.002542
                 228,            0.017049,           0.0080956,           0.0044815,             0.99409,             0.99847,               0.995,              0.9096,           0.0073873,           0.0027212,          0.00012396,            0.002509,            0.002509,            0.002509
                 229,            0.014308,           0.0075046,           0.0023883,             0.99599,             0.99851,               0.995,             0.90823,           0.0073956,           0.0027326,          0.00012561,            0.002476,            0.002476,            0.002476
                 230,            0.015185,           0.0073486,           0.0032281,              0.9983,             0.99952,               0.995,             0.91096,           0.0075597,           0.0027588,          0.00012042,            0.002443,            0.002443,            0.002443
                 231,            0.015986,           0.0075533,           0.0030618,             0.99862,              0.9996,               0.995,             0.90535,           0.0073773,           0.0027621,          0.00010916,             0.00241,             0.00241,             0.00241
                 232,            0.013535,           0.0078472,           0.0021019,             0.99617,             0.99998,             0.99498,             0.90145,           0.0075882,           0.0027814,          0.00010479,            0.002377,            0.002377,            0.002377
                 233,            0.015649,           0.0079488,           0.0039599,             0.99497,             0.99937,             0.99498,             0.90626,           0.0073787,           0.0027268,          0.00010073,            0.002344,            0.002344,            0.002344
                 234,            0.016836,           0.0075563,           0.0023444,              0.9938,                   1,               0.995,             0.91084,           0.0072776,           0.0027067,          9.5037e-05,            0.002311,            0.002311,            0.002311
                 235,            0.015912,           0.0077047,           0.0025743,             0.99349,                   1,               0.995,             0.90619,           0.0072834,           0.0027323,          9.4858e-05,            0.002278,            0.002278,            0.002278
                 236,            0.014448,           0.0078013,            0.003027,             0.99654,                   1,               0.995,             0.91486,           0.0069708,            0.002634,          9.3437e-05,            0.002245,            0.002245,            0.002245
                 237,            0.015308,           0.0075712,           0.0030411,             0.99715,              0.9992,               0.995,             0.92053,           0.0071262,           0.0026165,          9.4981e-05,            0.002212,            0.002212,            0.002212
                 238,            0.015537,           0.0073507,           0.0033024,             0.99591,             0.99947,               0.995,             0.91487,           0.0070915,           0.0026511,          9.5952e-05,            0.002179,            0.002179,            0.002179
                 239,            0.016019,           0.0080491,           0.0028801,             0.99754,             0.99665,               0.995,             0.91419,           0.0070896,           0.0026769,          9.3662e-05,            0.002146,            0.002146,            0.002146
                 240,            0.015226,           0.0077122,            0.003348,             0.99797,              0.9991,               0.995,             0.91744,           0.0071051,           0.0026658,          9.0522e-05,            0.002113,            0.002113,            0.002113
                 241,            0.015589,           0.0077814,           0.0023123,             0.99699,                   1,               0.995,             0.91117,           0.0071649,           0.0026967,          9.1955e-05,             0.00208,             0.00208,             0.00208
                 242,            0.014866,           0.0077096,           0.0035895,             0.99908,                   1,               0.995,             0.91554,            0.007171,           0.0026023,          9.1283e-05,            0.002047,            0.002047,            0.002047
                 243,            0.015057,           0.0077116,           0.0023906,             0.99912,                   1,               0.995,             0.91934,            0.007118,           0.0026106,          9.7208e-05,            0.002014,            0.002014,            0.002014
                 244,            0.015337,           0.0077696,           0.0018675,             0.99917,                   1,               0.995,             0.91854,            0.007246,           0.0025859,          9.6323e-05,            0.001981,            0.001981,            0.001981
                 245,            0.013678,           0.0073365,           0.0022364,              0.9991,             0.99981,               0.995,             0.92066,           0.0069849,           0.0025604,          9.3735e-05,            0.001948,            0.001948,            0.001948
                 246,            0.014621,           0.0080591,           0.0029691,             0.99913,             0.99972,               0.995,             0.91368,           0.0069702,           0.0025913,           8.886e-05,            0.001915,            0.001915,            0.001915
                 247,             0.01488,           0.0077739,           0.0020803,             0.99928,                   1,               0.995,             0.92124,           0.0071202,           0.0025731,          7.6171e-05,            0.001882,            0.001882,            0.001882
                 248,            0.016162,           0.0078169,           0.0037867,             0.99918,                   1,               0.995,             0.91967,           0.0069459,           0.0025925,          7.1037e-05,            0.001849,            0.001849,            0.001849
                 249,            0.014514,           0.0075842,           0.0017277,             0.99954,                   1,               0.995,             0.92058,           0.0068418,           0.0025497,          6.6589e-05,            0.001816,            0.001816,            0.001816
                 250,            0.014767,           0.0078341,            0.001955,             0.99911,                   1,               0.995,             0.92068,           0.0068529,           0.0025296,          6.3078e-05,            0.001783,            0.001783,            0.001783
                 251,            0.014408,           0.0078438,           0.0025916,             0.99888,                   1,               0.995,             0.92507,           0.0067428,           0.0025161,          6.0768e-05,             0.00175,             0.00175,             0.00175
                 252,            0.014319,           0.0072576,           0.0017954,             0.99877,             0.99987,               0.995,             0.92485,           0.0066801,           0.0025072,          5.7262e-05,            0.001717,            0.001717,            0.001717
                 253,            0.014142,           0.0076539,            0.002582,             0.99797,             0.99968,               0.995,             0.91772,           0.0067855,           0.0025516,          5.2693e-05,            0.001684,            0.001684,            0.001684
                 254,            0.014429,           0.0077131,           0.0019408,             0.99874,             0.99953,               0.995,             0.92271,           0.0068281,           0.0024944,            4.59e-05,            0.001651,            0.001651,            0.001651
                 255,             0.01423,            0.007827,           0.0021628,             0.99836,             0.99965,               0.995,             0.92282,           0.0067992,           0.0025078,          4.4582e-05,            0.001618,            0.001618,            0.001618
                 256,            0.015303,           0.0069528,           0.0022739,              0.9987,             0.99962,               0.995,              0.9203,           0.0068664,           0.0024688,          4.7457e-05,            0.001585,            0.001585,            0.001585
                 257,            0.015367,           0.0071998,           0.0019825,             0.99887,             0.99979,               0.995,             0.92437,           0.0066249,           0.0024379,          4.7806e-05,            0.001552,            0.001552,            0.001552
                 258,            0.014068,           0.0074487,            0.002156,             0.99892,                   1,               0.995,             0.92511,           0.0066299,           0.0024299,          4.6487e-05,            0.001519,            0.001519,            0.001519
                 259,            0.014787,           0.0075969,           0.0023815,             0.99904,                   1,               0.995,             0.92407,           0.0065465,           0.0024431,          4.6655e-05,            0.001486,            0.001486,            0.001486
                 260,            0.014416,           0.0076367,           0.0035186,             0.99905,                   1,               0.995,             0.92978,             0.00647,           0.0024203,          4.6645e-05,            0.001453,            0.001453,            0.001453
                 261,            0.014348,           0.0077297,           0.0029319,             0.99907,                   1,               0.995,             0.92452,           0.0064493,           0.0024089,          5.0513e-05,             0.00142,             0.00142,             0.00142
                 262,            0.014398,           0.0077089,           0.0024918,             0.99891,             0.99985,               0.995,             0.92558,           0.0064573,           0.0024377,          5.2443e-05,            0.001387,            0.001387,            0.001387
                 263,            0.014396,           0.0075944,           0.0027807,             0.99767,             0.99952,               0.995,              0.9275,            0.006555,            0.002423,          5.4364e-05,            0.001354,            0.001354,            0.001354
                 264,            0.014673,           0.0072047,            0.002247,             0.99834,             0.99965,               0.995,             0.93001,           0.0063654,           0.0024019,          5.5186e-05,            0.001321,            0.001321,            0.001321
                 265,            0.014093,           0.0073454,           0.0016651,             0.99893,                   1,               0.995,               0.933,           0.0064542,           0.0023877,          5.5402e-05,            0.001288,            0.001288,            0.001288
                 266,            0.014354,           0.0077029,           0.0024492,             0.99895,             0.99996,               0.995,              0.9319,           0.0064733,           0.0024115,          5.5024e-05,            0.001255,            0.001255,            0.001255
                 267,            0.013727,           0.0071022,           0.0021724,             0.99898,             0.99966,               0.995,             0.93233,           0.0065097,            0.002427,          5.5257e-05,            0.001222,            0.001222,            0.001222
                 268,            0.014218,            0.007038,           0.0019459,             0.99883,             0.99961,               0.995,             0.93121,           0.0063514,           0.0024137,          5.2866e-05,            0.001189,            0.001189,            0.001189
                 269,            0.014127,           0.0073034,           0.0018349,             0.99832,                   1,               0.995,             0.92966,            0.006231,           0.0024039,          4.9309e-05,            0.001156,            0.001156,            0.001156
                 270,             0.01395,           0.0074005,           0.0018595,             0.99798,                   1,               0.995,             0.93353,           0.0062872,           0.0023846,          4.6036e-05,            0.001123,            0.001123,            0.001123
                 271,            0.013921,           0.0071237,           0.0033238,             0.99916,             0.99968,               0.995,             0.93343,           0.0064231,           0.0023502,          4.3738e-05,             0.00109,             0.00109,             0.00109
                 272,            0.014072,           0.0075232,           0.0018351,             0.99921,             0.99976,               0.995,             0.92731,           0.0061306,           0.0023499,          4.3461e-05,            0.001057,            0.001057,            0.001057
                 273,            0.013758,           0.0073653,           0.0019498,             0.99905,             0.99973,               0.995,              0.9306,           0.0061392,           0.0023576,          4.0425e-05,            0.001024,            0.001024,            0.001024
                 274,            0.014331,           0.0074852,           0.0027143,             0.99841,             0.99942,               0.995,             0.93457,           0.0061902,           0.0023577,          3.9856e-05,            0.000991,            0.000991,            0.000991
                 275,            0.014415,           0.0073326,           0.0021393,             0.99834,             0.99953,               0.995,             0.93007,           0.0063616,           0.0023953,          4.0788e-05,            0.000958,            0.000958,            0.000958
                 276,            0.014072,           0.0070435,           0.0019321,             0.99893,                   1,               0.995,             0.93252,           0.0063739,           0.0023796,          4.3297e-05,            0.000925,            0.000925,            0.000925
                 277,            0.013494,           0.0070564,           0.0023958,             0.99909,             0.99977,               0.995,             0.93561,           0.0064349,           0.0023367,          4.2905e-05,            0.000892,            0.000892,            0.000892
                 278,            0.013977,           0.0075053,           0.0020214,             0.99872,             0.99963,               0.995,             0.93277,           0.0063956,           0.0023414,          4.1818e-05,            0.000859,            0.000859,            0.000859
                 279,            0.013417,           0.0065337,           0.0024355,              0.9991,             0.99962,               0.995,             0.93306,            0.006249,           0.0023252,          3.9061e-05,            0.000826,            0.000826,            0.000826
                 280,            0.013325,           0.0070507,            0.001503,             0.99926,             0.99974,               0.995,             0.93781,           0.0062394,           0.0023169,          3.8267e-05,            0.000793,            0.000793,            0.000793
                 281,            0.013705,           0.0070887,           0.0028525,             0.99928,                   1,               0.995,             0.93548,           0.0061456,           0.0022975,          3.7958e-05,             0.00076,             0.00076,             0.00076
                 282,            0.013323,           0.0075074,           0.0021842,             0.99936,             0.99966,               0.995,             0.93617,           0.0060217,           0.0022881,          3.6988e-05,            0.000727,            0.000727,            0.000727
                 283,            0.014354,           0.0072772,           0.0030752,              0.9994,             0.99961,               0.995,              0.9362,           0.0059952,           0.0022809,          3.7817e-05,            0.000694,            0.000694,            0.000694
                 284,             0.01311,           0.0070466,           0.0016425,             0.99909,             0.99957,               0.995,             0.93293,           0.0060207,           0.0022843,           3.597e-05,            0.000661,            0.000661,            0.000661
                 285,            0.012525,           0.0069931,           0.0012336,             0.99929,             0.99987,               0.995,              0.9343,           0.0060338,            0.002285,           3.343e-05,            0.000628,            0.000628,            0.000628
                 286,            0.013955,           0.0072647,            0.001907,             0.99876,              0.9996,               0.995,             0.93458,           0.0060695,           0.0022416,          3.1219e-05,            0.000595,            0.000595,            0.000595
                 287,            0.013998,           0.0070123,           0.0018138,             0.99858,             0.99948,               0.995,              0.9377,           0.0059689,           0.0022509,          3.1328e-05,            0.000562,            0.000562,            0.000562
                 288,            0.013169,           0.0069402,           0.0011189,             0.99873,             0.99914,               0.995,               0.939,           0.0060631,           0.0022629,          3.1475e-05,            0.000529,            0.000529,            0.000529
                 289,            0.013264,           0.0067616,           0.0023856,             0.99881,             0.99936,               0.995,             0.94018,           0.0060678,           0.0022695,          2.9282e-05,            0.000496,            0.000496,            0.000496
                 290,            0.012606,           0.0070483,           0.0026194,             0.99883,             0.99951,               0.995,             0.94063,           0.0059464,           0.0022361,          2.7347e-05,            0.000463,            0.000463,            0.000463
                 291,            0.012388,           0.0069206,           0.0013974,              0.9988,             0.99969,               0.995,             0.94063,            0.005897,           0.0022232,          2.5982e-05,             0.00043,             0.00043,             0.00043
                 292,            0.013313,           0.0072822,           0.0015823,             0.99883,             0.99961,               0.995,             0.93935,           0.0058983,           0.0022147,          2.4459e-05,            0.000397,            0.000397,            0.000397
                 293,            0.012818,           0.0066502,            0.001718,             0.99873,             0.99945,               0.995,             0.94102,           0.0059178,           0.0022151,          2.3103e-05,            0.000364,            0.000364,            0.000364
                 294,            0.013596,           0.0071717,           0.0019102,             0.99845,             0.99964,               0.995,             0.94046,           0.0058818,           0.0022064,          2.2286e-05,            0.000331,            0.000331,            0.000331
                 295,            0.013202,           0.0069035,           0.0016801,             0.99898,             0.99998,               0.995,             0.94079,           0.0058504,           0.0022013,          2.2787e-05,            0.000298,            0.000298,            0.000298
                 296,            0.012284,           0.0070182,           0.0017577,             0.99771,             0.99758,               0.995,             0.94035,           0.0058479,           0.0022118,          2.2037e-05,            0.000265,            0.000265,            0.000265
                 297,            0.012589,           0.0068708,           0.0020983,              0.9991,             0.99972,               0.995,             0.94263,           0.0058077,           0.0022039,          2.1414e-05,            0.000232,            0.000232,            0.000232
                 298,            0.012276,           0.0070967,           0.0017227,             0.99671,             0.99999,               0.995,             0.94226,           0.0057771,           0.0022002,          2.2646e-05,            0.000199,            0.000199,            0.000199
                 299,            0.013711,           0.0071401,           0.0028551,             0.99747,             0.99996,               0.995,             0.94303,           0.0057219,           0.0021962,          2.2142e-05,            0.000166,            0.000166,            0.000166
